{"cameraMode":{"drawMode":0,"name":"Shaded","section":"Shading Mode"},"sceneLighting":true,"audioPlay":false,"sceneViewState":{"m_AlwaysRefresh":false,"showFog":true,"showSkybox":false,"showFlares":true,"showImageEffects":true,"showParticleSystems":true,"showVisualEffectGraphs":true,"m_FxEnabled":true},"in2DMode":false,"pivot":{"x":0.802230715751648,"y":1.353959560394287,"z":-0.25361061096191409},"rotation":{"x":-0.21970392763614655,"y":-0.10859847068786621,"z":0.024643704295158387,"w":-0.9692561030387878},"size":2.522390842437744,"orthographic":false}